Serial Number,Service No.,Name,Designation,Current Posting Location,Proposed Posting Location,Remarks
1,251557R,Arjun Reddy,Havildar,Lucknow,Hyderabad,Routine Posting
2,452720Q,Rohan Singh,Subedar,Bangalore,Pune,Administrative Requirement
3,312536G,Arjun Kumar,Naik,Chennai,Kolkata,Administrative Requirement
4,126246U,Sneha Patel,Lance Naik,Hyderabad,Mumbai,
5,763475H,Vikram Singh,Sepoy,Jaipur,Kolkata,Medical Grounds
6,180553A,Divya Singh,Havildar,Hyderabad,Mumbai,Routine Posting
7,379061X,Amit Gupta,Subedar Major,Jaipur,Hyderabad,Priority Transfer
8,644076Z,Pooja Kumar,Subedar,Jaipur,Ahmedabad,Administrative Requirement
9,289005W,Vikram Gupta,Lance Naik,Chennai,Mumbai,
10,741924N,Rohan Yadav,Havildar,Mumbai,Delhi,Priority Transfer
11,146608A,Rohan Gupta,Subedar,Hyderabad,Ahmedabad,Administrative Requirement
12,681532U,Sneha Mishra,Naik,Bangalore,Kolkata,
13,987183Q,Sneha Sharma,Subedar Major,Chennai,Lucknow,Medical Grounds
14,447459S,Meera Gupta,Subedar,Bangalore,Ahmedabad,Administrative Requirement
15,258095K,Meera Joshi,Sepoy,Jaipur,Pune,Priority Transfer
16,856871I,Meera Kumar,Lance Naik,Bangalore,Pune,Priority Transfer
17,594291P,Sneha Reddy,Subedar,Kolkata,Ahmedabad,Priority Transfer
18,622564P,Arjun Mishra,Subedar,Pune,Chennai,Routine Posting
19,780548C,Vikram Patel,Naik,Hyderabad,Delhi,Priority Transfer
20,744542D,Arjun Kumar,Subedar Major,Lucknow,Mumbai,Priority Transfer
21,605405P,Anita Reddy,Subedar,Pune,Hyderabad,Routine Posting
22,684211M,Amit Malhotra,Subedar,Mumbai,Chennai,Priority Transfer
23,494398F,Amit Kumar,Subedar,Mumbai,Ahmedabad,Medical Grounds
24,988040O,Rohan Joshi,Subedar,Bangalore,Delhi,
25,516388N,Sneha Verma,Havildar,Chennai,Kolkata,Administrative Requirement
26,911986Z,Rohan Malhotra,Sepoy,Hyderabad,Ahmedabad,
27,238429O,Anita Verma,Sepoy,Chennai,Lucknow,
28,872911Q,Rahul Malhotra,Subedar,Mumbai,Lucknow,
29,305306L,Pooja Singh,Sepoy,Kolkata,Lucknow,Administrative Requirement
30,902701I,Amit Malhotra,Subedar Major,Bangalore,Lucknow,Priority Transfer
31,986209V,Vikram Verma,Subedar Major,Ahmedabad,Bangalore,Medical Grounds
32,906069K,Rohan Nair,Havildar,Bangalore,Kolkata,Medical Grounds
33,670670I,Karan Reddy,Havildar,Kolkata,Chennai,Administrative Requirement
34,838676S,Rahul Verma,Subedar Major,Kolkata,Jaipur,
35,932749T,Meera Kumar,Lance Naik,Kolkata,Chennai,Routine Posting
36,109662T,Meera Gupta,Subedar,Pune,Lucknow,
37,396783Z,Divya Kumar,Havildar,Chennai,Bangalore,
38,229566Q,Pooja Kumar,Havildar,Jaipur,Mumbai,Administrative Requirement
39,254176H,Sneha Reddy,Lance Naik,Hyderabad,Jaipur,Routine Posting
40,978305H,Karan Joshi,Subedar Major,Lucknow,Ahmedabad,Medical Grounds
41,389546O,Amit Malhotra,Havildar,Ahmedabad,Hyderabad,
42,483495Q,Rohan Malhotra,Lance Naik,Lucknow,Kolkata,Medical Grounds
43,328698K,Pooja Joshi,Havildar,Kolkata,Delhi,Priority Transfer
44,119826I,Rahul Mishra,Havildar,Jaipur,Delhi,
45,609166X,Divya Singh,Subedar Major,Jaipur,Hyderabad,Medical Grounds
46,399280P,Rohan Verma,Havildar,Lucknow,Pune,
47,442274K,Anita Gupta,Lance Naik,Mumbai,Kolkata,
48,287697M,Divya Gupta,Naik,Hyderabad,Delhi,Administrative Requirement
49,706197S,Vikram Joshi,Naik,Chennai,Ahmedabad,
50,269215A,Pooja Gupta,Havildar,Lucknow,Jaipur,Administrative Requirement
51,441525W,Sneha Joshi,Subedar Major,Pune,Jaipur,Administrative Requirement
52,885354T,Meera Patel,Havildar,Delhi,Pune,Routine Posting
53,205029C,Karan Yadav,Subedar Major,Pune,Delhi,Routine Posting
54,622298I,Vikram Verma,Naik,Hyderabad,Lucknow,Medical Grounds
55,909655S,Arjun Sharma,Havildar,Lucknow,Bangalore,Medical Grounds
56,715291B,Divya Kumar,Naik,Delhi,Hyderabad,Administrative Requirement
57,730161Q,Meera Kumar,Naik,Pune,Jaipur,
58,124531G,Karan Kumar,Lance Naik,Delhi,Bangalore,Priority Transfer
59,557026G,Divya Verma,Naik,Bangalore,Pune,Medical Grounds
60,376638Q,Neha Mishra,Havildar,Delhi,Bangalore,Medical Grounds
61,121530B,Rahul Nair,Subedar,Hyderabad,Chennai,Routine Posting
62,308548T,Sneha Mishra,Subedar,Kolkata,Jaipur,Medical Grounds
63,432309D,Karan Gupta,Sepoy,Hyderabad,Jaipur,
64,863892P,Amit Singh,Subedar Major,Kolkata,Pune,Administrative Requirement
65,534407Z,Arjun Singh,Subedar Major,Pune,Mumbai,Administrative Requirement
66,661215I,Arjun Gupta,Sepoy,Kolkata,Bangalore,
67,141208N,Meera Gupta,Naik,Delhi,Hyderabad,Medical Grounds
68,897714A,Sneha Gupta,Lance Naik,Kolkata,Jaipur,Medical Grounds
69,173973K,Karan Mishra,Naik,Ahmedabad,Delhi,
70,961645N,Arjun Gupta,Lance Naik,Hyderabad,Pune,Administrative Requirement
71,794108S,Neha Patel,Havildar,Mumbai,Delhi,Medical Grounds
72,763808P,Rahul Malhotra,Havildar,Delhi,Ahmedabad,Medical Grounds
73,729931J,Karan Sharma,Subedar Major,Bangalore,Chennai,
74,165305A,Rahul Kumar,Havildar,Jaipur,Kolkata,Medical Grounds
75,561963W,Rohan Joshi,Sepoy,Hyderabad,Mumbai,Medical Grounds
76,863606L,Amit Patel,Havildar,Kolkata,Jaipur,Administrative Requirement
77,548119Q,Rohan Malhotra,Sepoy,Lucknow,Ahmedabad,Medical Grounds
78,773563I,Neha Verma,Subedar Major,Chennai,Ahmedabad,Priority Transfer
79,261531L,Anita Gupta,Subedar,Bangalore,Ahmedabad,Routine Posting
80,388839V,Vikram Mishra,Lance Naik,Delhi,Mumbai,Priority Transfer
81,257783V,Neha Yadav,Subedar Major,Pune,Ahmedabad,
82,230984R,Rahul Patel,Naik,Delhi,Jaipur,Medical Grounds
83,183077N,Divya Gupta,Lance Naik,Chennai,Jaipur,
84,318361J,Karan Mishra,Lance Naik,Lucknow,Jaipur,Medical Grounds
85,426679X,Sneha Gupta,Naik,Bangalore,Lucknow,Medical Grounds
86,443667V,Vikram Gupta,Sepoy,Chennai,Ahmedabad,Medical Grounds
87,866046Q,Amit Malhotra,Sepoy,Kolkata,Lucknow,Administrative Requirement
88,701071M,Pooja Sharma,Subedar,Bangalore,Chennai,Routine Posting
89,972478Z,Vikram Gupta,Naik,Kolkata,Lucknow,Administrative Requirement
90,598258V,Anita Gupta,Subedar Major,Mumbai,Jaipur,Routine Posting
91,358357D,Anita Sharma,Havildar,Ahmedabad,Mumbai,Administrative Requirement
92,648551N,Sneha Singh,Lance Naik,Mumbai,Hyderabad,Routine Posting
93,830600S,Sneha Joshi,Sepoy,Chennai,Ahmedabad,Administrative Requirement
94,905985F,Sneha Singh,Naik,Bangalore,Pune,Priority Transfer
95,666373I,Rohan Reddy,Subedar,Mumbai,Hyderabad,Routine Posting
96,297932E,Karan Nair,Lance Naik,Delhi,Ahmedabad,Medical Grounds
97,377070B,Rohan Joshi,Subedar,Mumbai,Pune,Priority Transfer
98,461653M,Vikram Joshi,Subedar,Chennai,Jaipur,Priority Transfer
99,850207S,Sneha Singh,Sepoy,Pune,Ahmedabad,Administrative Requirement
100,834250A,Divya Verma,Havildar,Delhi,Lucknow,Priority Transfer
101,183500K,Anita Joshi,Lance Naik,Chennai,Hyderabad,Routine Posting
102,112111L,Amit Nair,Lance Naik,Pune,Lucknow,Routine Posting
103,987710K,Anita Joshi,Sepoy,Kolkata,Delhi,Medical Grounds
104,485923R,Divya Sharma,Havildar,Ahmedabad,Chennai,Medical Grounds
105,850973F,Anita Nair,Sepoy,Pune,Ahmedabad,Medical Grounds
106,111647O,Divya Reddy,Havildar,Kolkata,Mumbai,Administrative Requirement
107,792182F,Meera Kumar,Subedar,Delhi,Hyderabad,Administrative Requirement
108,561570S,Divya Kumar,Subedar Major,Lucknow,Hyderabad,Routine Posting
109,748892D,Rohan Yadav,Havildar,Chennai,Hyderabad,Routine Posting
110,211114F,Meera Patel,Havildar,Chennai,Mumbai,Priority Transfer
111,617248L,Vikram Patel,Havildar,Ahmedabad,Pune,Routine Posting
112,137100D,Anita Nair,Havildar,Ahmedabad,Delhi,Priority Transfer
113,806452B,Meera Yadav,Naik,Bangalore,Chennai,Routine Posting
114,342463Q,Divya Kumar,Lance Naik,Hyderabad,Jaipur,Medical Grounds
115,756995G,Anita Mishra,Lance Naik,Pune,Delhi,Administrative Requirement
116,495504E,Anita Singh,Subedar,Bangalore,Pune,Administrative Requirement
117,904616Q,Neha Reddy,Lance Naik,Chennai,Mumbai,Priority Transfer
118,342760P,Arjun Sharma,Havildar,Mumbai,Delhi,
119,465883Q,Karan Malhotra,Subedar Major,Lucknow,Mumbai,
120,974822O,Meera Kumar,Sepoy,Hyderabad,Kolkata,Routine Posting
121,596828J,Meera Mishra,Subedar,Bangalore,Hyderabad,Administrative Requirement
122,796633G,Karan Patel,Sepoy,Bangalore,Chennai,Routine Posting
123,194433S,Pooja Sharma,Subedar Major,Bangalore,Jaipur,Priority Transfer
124,773632Q,Karan Mishra,Sepoy,Lucknow,Jaipur,Routine Posting
125,884912U,Vikram Singh,Subedar Major,Lucknow,Jaipur,
126,603086R,Rohan Kumar,Subedar,Lucknow,Kolkata,Priority Transfer
127,247921V,Vikram Mishra,Naik,Mumbai,Ahmedabad,Administrative Requirement
128,171367X,Divya Gupta,Subedar,Pune,Kolkata,Medical Grounds
129,925712S,Karan Joshi,Subedar,Delhi,Lucknow,Medical Grounds
130,172470D,Rahul Malhotra,Subedar Major,Lucknow,Bangalore,Administrative Requirement
131,264077O,Meera Patel,Naik,Chennai,Hyderabad,Administrative Requirement
132,496913L,Meera Gupta,Lance Naik,Delhi,Ahmedabad,Administrative Requirement
133,107846U,Vikram Verma,Sepoy,Mumbai,Lucknow,Administrative Requirement
134,713955S,Anita Sharma,Sepoy,Jaipur,Lucknow,Medical Grounds
135,627972Q,Divya Singh,Subedar Major,Delhi,Bangalore,Administrative Requirement
136,162418E,Arjun Yadav,Sepoy,Jaipur,Lucknow,Medical Grounds
137,319070D,Sneha Yadav,Lance Naik,Lucknow,Bangalore,Administrative Requirement
138,376358D,Divya Malhotra,Naik,Jaipur,Hyderabad,Administrative Requirement
139,560862O,Divya Joshi,Naik,Jaipur,Lucknow,Priority Transfer
140,953773R,Pooja Reddy,Havildar,Hyderabad,Chennai,Medical Grounds
141,619122C,Sneha Mishra,Subedar,Chennai,Hyderabad,
142,663246R,Meera Sharma,Subedar Major,Pune,Bangalore,
143,659035I,Vikram Joshi,Subedar,Delhi,Hyderabad,Medical Grounds
144,970532W,Neha Patel,Subedar Major,Bangalore,Lucknow,Administrative Requirement
145,264161G,Arjun Malhotra,Lance Naik,Ahmedabad,Jaipur,Administrative Requirement
146,486394Z,Neha Yadav,Havildar,Ahmedabad,Jaipur,
147,548128K,Pooja Joshi,Subedar,Bangalore,Pune,Medical Grounds
148,249508T,Neha Singh,Sepoy,Ahmedabad,Lucknow,Routine Posting
149,261807L,Divya Patel,Subedar,Pune,Bangalore,Priority Transfer
150,378985K,Sneha Singh,Naik,Mumbai,Lucknow,
151,345016H,Pooja Malhotra,Havildar,Bangalore,Kolkata,Priority Transfer
152,292560X,Amit Yadav,Lance Naik,Lucknow,Kolkata,
153,823727Z,Pooja Singh,Subedar Major,Pune,Hyderabad,Routine Posting
154,707855T,Sneha Malhotra,Naik,Delhi,Pune,
155,878437O,Anita Reddy,Havildar,Mumbai,Kolkata,
156,992832C,Rahul Sharma,Subedar,Ahmedabad,Chennai,Priority Transfer
157,473270N,Amit Nair,Subedar Major,Bangalore,Pune,Medical Grounds
158,435050Y,Arjun Sharma,Sepoy,Kolkata,Chennai,
159,487424D,Neha Patel,Subedar,Pune,Bangalore,Priority Transfer
160,508271F,Anita Verma,Subedar,Ahmedabad,Jaipur,
161,103051E,Rohan Mishra,Subedar,Lucknow,Mumbai,Priority Transfer
162,344711S,Vikram Kumar,Naik,Mumbai,Chennai,Priority Transfer
163,379555L,Sneha Yadav,Havildar,Delhi,Hyderabad,Priority Transfer
164,591095X,Rohan Malhotra,Lance Naik,Kolkata,Chennai,Priority Transfer
165,255460M,Rohan Joshi,Subedar Major,Ahmedabad,Lucknow,Administrative Requirement
166,852386B,Arjun Reddy,Subedar Major,Hyderabad,Chennai,Medical Grounds
167,735840D,Rahul Mishra,Subedar Major,Hyderabad,Pune,
168,205800A,Meera Kumar,Naik,Lucknow,Hyderabad,
169,480101S,Divya Sharma,Subedar Major,Ahmedabad,Jaipur,Medical Grounds
170,909311I,Karan Kumar,Sepoy,Chennai,Lucknow,
171,589287E,Rahul Verma,Subedar,Jaipur,Mumbai,Routine Posting
172,426273Z,Amit Gupta,Naik,Lucknow,Kolkata,Administrative Requirement
173,268641L,Neha Singh,Subedar,Delhi,Mumbai,
174,757757K,Meera Singh,Havildar,Pune,Ahmedabad,Medical Grounds
175,725804D,Karan Reddy,Naik,Kolkata,Chennai,
176,995149M,Sneha Joshi,Havildar,Lucknow,Mumbai,Medical Grounds
177,148469J,Vikram Joshi,Havildar,Ahmedabad,Hyderabad,Medical Grounds
178,990686P,Vikram Reddy,Lance Naik,Ahmedabad,Bangalore,Priority Transfer
179,242300Y,Pooja Gupta,Sepoy,Mumbai,Chennai,Routine Posting
180,970736M,Karan Patel,Lance Naik,Chennai,Bangalore,Routine Posting
181,237742Q,Sneha Verma,Naik,Ahmedabad,Pune,
182,521602I,Rohan Singh,Lance Naik,Jaipur,Hyderabad,Routine Posting
183,777002T,Amit Malhotra,Sepoy,Lucknow,Hyderabad,Medical Grounds
184,313605O,Pooja Malhotra,Subedar,Kolkata,Hyderabad,Priority Transfer
185,155853T,Sneha Gupta,Havildar,Jaipur,Kolkata,
186,352129Z,Amit Verma,Naik,Ahmedabad,Hyderabad,Priority Transfer
187,947479T,Rohan Patel,Subedar Major,Hyderabad,Lucknow,Medical Grounds
188,781918B,Karan Verma,Naik,Jaipur,Lucknow,Medical Grounds
189,737625C,Karan Verma,Subedar Major,Chennai,Lucknow,Medical Grounds
190,961650H,Sneha Gupta,Subedar Major,Pune,Kolkata,
191,657571M,Rohan Verma,Subedar Major,Hyderabad,Ahmedabad,
192,745758I,Karan Yadav,Sepoy,Delhi,Kolkata,
193,636741P,Vikram Joshi,Lance Naik,Chennai,Bangalore,Administrative Requirement
194,749360O,Rahul Mishra,Lance Naik,Jaipur,Delhi,
195,637751H,Karan Patel,Subedar Major,Bangalore,Pune,Medical Grounds
196,529984G,Amit Singh,Sepoy,Kolkata,Bangalore,Routine Posting
197,869173O,Sneha Yadav,Havildar,Pune,Delhi,Administrative Requirement
198,774254E,Arjun Singh,Havildar,Chennai,Pune,Routine Posting
199,972612C,Arjun Nair,Sepoy,Delhi,Kolkata,Routine Posting
200,239704F,Anita Patel,Sepoy,Chennai,Jaipur,Administrative Requirement
201,985565L,Vikram Singh,Subedar,Ahmedabad,Bangalore,Priority Transfer
202,745414T,Sneha Patel,Lance Naik,Hyderabad,Pune,Administrative Requirement
203,683791P,Meera Sharma,Subedar,Bangalore,Chennai,
204,367132C,Divya Joshi,Subedar Major,Delhi,Mumbai,Priority Transfer
205,146925W,Sneha Verma,Naik,Mumbai,Lucknow,Medical Grounds
206,822419Y,Neha Yadav,Lance Naik,Mumbai,Chennai,
207,464095B,Vikram Patel,Sepoy,Delhi,Hyderabad,Routine Posting
208,341264N,Rohan Verma,Naik,Ahmedabad,Pune,Routine Posting
209,558704S,Karan Joshi,Havildar,Chennai,Ahmedabad,
210,901208K,Neha Reddy,Naik,Delhi,Bangalore,Priority Transfer
211,587046P,Divya Mishra,Naik,Pune,Ahmedabad,Routine Posting
212,357682I,Rahul Patel,Naik,Jaipur,Lucknow,Administrative Requirement
213,728379F,Divya Patel,Subedar Major,Bangalore,Lucknow,Routine Posting
214,133698M,Neha Reddy,Subedar Major,Hyderabad,Pune,Administrative Requirement
215,598046O,Rahul Malhotra,Havildar,Bangalore,Kolkata,
216,438737L,Pooja Kumar,Sepoy,Jaipur,Ahmedabad,Medical Grounds
217,569169S,Anita Sharma,Havildar,Delhi,Ahmedabad,Administrative Requirement
218,269759Q,Arjun Reddy,Naik,Kolkata,Jaipur,Administrative Requirement
219,302045Z,Sneha Malhotra,Lance Naik,Hyderabad,Bangalore,
220,921453V,Neha Gupta,Lance Naik,Chennai,Ahmedabad,Routine Posting
221,480054X,Rohan Patel,Havildar,Pune,Lucknow,Routine Posting
222,134502J,Sneha Reddy,Havildar,Ahmedabad,Chennai,Administrative Requirement
223,233382J,Pooja Singh,Lance Naik,Pune,Jaipur,Medical Grounds
224,694229Q,Vikram Sharma,Subedar,Delhi,Lucknow,Administrative Requirement
225,895128J,Neha Joshi,Naik,Chennai,Jaipur,Administrative Requirement
226,892222X,Rohan Mishra,Sepoy,Lucknow,Hyderabad,Routine Posting
227,849908X,Pooja Yadav,Sepoy,Jaipur,Kolkata,Priority Transfer
228,906398V,Pooja Reddy,Subedar Major,Bangalore,Pune,
229,151906B,Vikram Malhotra,Subedar Major,Pune,Hyderabad,
230,484828A,Karan Mishra,Sepoy,Mumbai,Kolkata,Priority Transfer
231,338028P,Anita Reddy,Subedar Major,Chennai,Hyderabad,
232,637369J,Arjun Singh,Subedar Major,Bangalore,Delhi,Medical Grounds
233,634404K,Vikram Yadav,Naik,Bangalore,Kolkata,Administrative Requirement
234,666562F,Pooja Mishra,Subedar Major,Ahmedabad,Hyderabad,
235,464793I,Divya Malhotra,Lance Naik,Ahmedabad,Kolkata,
236,457891H,Divya Mishra,Subedar Major,Ahmedabad,Hyderabad,Routine Posting
237,904963X,Amit Nair,Havildar,Bangalore,Ahmedabad,Medical Grounds
238,202234B,Arjun Sharma,Lance Naik,Lucknow,Bangalore,Priority Transfer
239,199911O,Meera Malhotra,Naik,Hyderabad,Bangalore,Routine Posting
240,312853Z,Anita Mishra,Lance Naik,Mumbai,Delhi,Routine Posting
241,674072K,Vikram Kumar,Subedar Major,Pune,Mumbai,
242,231247N,Meera Kumar,Naik,Pune,Kolkata,Priority Transfer
243,791768K,Arjun Joshi,Naik,Jaipur,Bangalore,Routine Posting
244,216483L,Divya Patel,Subedar,Jaipur,Delhi,Priority Transfer
245,148900T,Rohan Kumar,Subedar Major,Pune,Jaipur,Medical Grounds
246,950174I,Neha Mishra,Subedar Major,Hyderabad,Jaipur,
247,477686M,Amit Kumar,Naik,Pune,Lucknow,Administrative Requirement
248,391648G,Anita Kumar,Subedar Major,Bangalore,Mumbai,Administrative Requirement
249,134048O,Rohan Mishra,Subedar Major,Jaipur,Bangalore,Administrative Requirement
250,921508Y,Karan Verma,Subedar Major,Delhi,Mumbai,Administrative Requirement
251,270775P,Pooja Gupta,Naik,Pune,Jaipur,Routine Posting
252,804687C,Neha Mishra,Naik,Ahmedabad,Mumbai,
253,895277J,Rohan Kumar,Subedar Major,Lucknow,Chennai,Routine Posting
254,129275V,Meera Verma,Subedar,Jaipur,Mumbai,Medical Grounds
255,302755S,Neha Reddy,Sepoy,Kolkata,Lucknow,
256,654598K,Anita Joshi,Naik,Delhi,Ahmedabad,Routine Posting
257,808850G,Rahul Sharma,Subedar Major,Jaipur,Ahmedabad,Administrative Requirement
258,851484Z,Anita Verma,Subedar,Pune,Ahmedabad,Medical Grounds
259,389576D,Rohan Joshi,Naik,Delhi,Mumbai,
260,695430K,Pooja Mishra,Subedar Major,Pune,Bangalore,
261,911325J,Karan Mishra,Sepoy,Pune,Kolkata,Routine Posting
262,595316N,Rohan Patel,Lance Naik,Hyderabad,Mumbai,Medical Grounds
263,664843F,Rohan Yadav,Subedar Major,Ahmedabad,Delhi,Routine Posting
264,704396Y,Neha Malhotra,Havildar,Hyderabad,Ahmedabad,Medical Grounds
265,653673X,Rahul Reddy,Subedar,Kolkata,Bangalore,Priority Transfer
266,997951B,Arjun Yadav,Havildar,Bangalore,Hyderabad,Routine Posting
267,367690Y,Arjun Patel,Naik,Delhi,Hyderabad,
268,106581T,Rahul Gupta,Lance Naik,Kolkata,Bangalore,Priority Transfer
269,193875X,Sneha Reddy,Lance Naik,Bangalore,Mumbai,Priority Transfer
270,123772D,Vikram Verma,Naik,Kolkata,Ahmedabad,Administrative Requirement
271,327722H,Divya Yadav,Havildar,Delhi,Chennai,Medical Grounds
272,863328S,Rohan Yadav,Lance Naik,Pune,Jaipur,Routine Posting
273,285712C,Karan Yadav,Lance Naik,Pune,Jaipur,Administrative Requirement
274,294238H,Sneha Nair,Subedar Major,Ahmedabad,Chennai,
275,416561X,Anita Mishra,Subedar Major,Hyderabad,Mumbai,Routine Posting
276,611124R,Neha Sharma,Subedar,Kolkata,Mumbai,Routine Posting
277,433727X,Rahul Singh,Lance Naik,Ahmedabad,Mumbai,Routine Posting
278,974400X,Karan Yadav,Lance Naik,Chennai,Ahmedabad,
279,494924U,Sneha Joshi,Sepoy,Mumbai,Jaipur,Priority Transfer
280,130995D,Neha Mishra,Sepoy,Lucknow,Hyderabad,Administrative Requirement
281,692893N,Rahul Gupta,Naik,Kolkata,Chennai,
282,554156U,Anita Sharma,Havildar,Lucknow,Delhi,Administrative Requirement
283,799062R,Rahul Verma,Naik,Pune,Lucknow,Routine Posting
284,136366E,Karan Nair,Subedar,Delhi,Chennai,Routine Posting
285,956294F,Amit Nair,Havildar,Hyderabad,Bangalore,Medical Grounds
286,793883P,Vikram Yadav,Havildar,Jaipur,Lucknow,
287,778208X,Vikram Nair,Naik,Kolkata,Pune,Priority Transfer
288,707995H,Neha Singh,Sepoy,Jaipur,Delhi,Administrative Requirement
289,149808M,Sneha Malhotra,Subedar,Delhi,Lucknow,Medical Grounds
290,919233F,Rohan Kumar,Havildar,Delhi,Hyderabad,Routine Posting
291,236905L,Sneha Verma,Subedar Major,Jaipur,Chennai,Routine Posting
292,873459L,Rohan Yadav,Havildar,Ahmedabad,Bangalore,Routine Posting
293,613755T,Rohan Malhotra,Sepoy,Jaipur,Bangalore,Routine Posting
294,694930O,Anita Verma,Lance Naik,Ahmedabad,Delhi,Medical Grounds
295,996504R,Sneha Gupta,Subedar,Pune,Mumbai,
296,260738O,Arjun Gupta,Subedar Major,Ahmedabad,Mumbai,
297,761424R,Neha Gupta,Naik,Chennai,Delhi,Medical Grounds
298,648713Q,Karan Joshi,Subedar Major,Chennai,Pune,Administrative Requirement
299,773913D,Amit Reddy,Havildar,Jaipur,Bangalore,Priority Transfer
300,808672V,Rahul Reddy,Havildar,Hyderabad,Kolkata,Medical Grounds
301,502719C,Sneha Nair,Subedar,Kolkata,Lucknow,Medical Grounds
302,932733O,Meera Yadav,Sepoy,Delhi,Bangalore,Routine Posting
303,556273L,Rohan Reddy,Sepoy,Lucknow,Chennai,
304,190625U,Sneha Patel,Subedar,Kolkata,Delhi,Routine Posting
305,538769D,Karan Gupta,Naik,Lucknow,Chennai,Priority Transfer
306,899647V,Karan Gupta,Subedar Major,Mumbai,Lucknow,Administrative Requirement
307,611106K,Meera Joshi,Subedar Major,Bangalore,Lucknow,
308,620386W,Rahul Mishra,Subedar,Kolkata,Mumbai,Routine Posting
309,851907Y,Meera Mishra,Subedar,Mumbai,Ahmedabad,Administrative Requirement
310,758604A,Amit Gupta,Havildar,Kolkata,Bangalore,Routine Posting
311,809872Z,Neha Joshi,Sepoy,Lucknow,Pune,Administrative Requirement
312,497593N,Sneha Yadav,Subedar Major,Mumbai,Pune,Routine Posting
313,368836K,Rohan Malhotra,Havildar,Ahmedabad,Delhi,
314,610955W,Sneha Patel,Subedar,Hyderabad,Chennai,
315,758771G,Sneha Patel,Havildar,Mumbai,Hyderabad,
316,895762I,Vikram Yadav,Lance Naik,Kolkata,Bangalore,
317,533983I,Arjun Malhotra,Naik,Bangalore,Mumbai,Priority Transfer
318,103397U,Rohan Nair,Subedar Major,Hyderabad,Jaipur,Administrative Requirement
319,289800V,Neha Patel,Naik,Hyderabad,Chennai,Administrative Requirement
320,893030D,Anita Verma,Subedar,Lucknow,Delhi,Priority Transfer
321,340870X,Divya Yadav,Naik,Pune,Kolkata,
322,199859R,Pooja Nair,Havildar,Mumbai,Chennai,
323,327097U,Karan Malhotra,Lance Naik,Bangalore,Chennai,Routine Posting
324,933075M,Pooja Verma,Sepoy,Hyderabad,Pune,Administrative Requirement
325,754777V,Meera Malhotra,Subedar,Hyderabad,Ahmedabad,Administrative Requirement
326,721311N,Pooja Singh,Naik,Pune,Chennai,
327,585643N,Divya Mishra,Subedar Major,Hyderabad,Delhi,Priority Transfer
328,269476N,Pooja Gupta,Naik,Mumbai,Chennai,Administrative Requirement
329,171713L,Karan Verma,Subedar,Lucknow,Hyderabad,Routine Posting
330,614896D,Meera Reddy,Subedar,Mumbai,Delhi,
331,496244Y,Karan Mishra,Havildar,Kolkata,Delhi,Routine Posting
332,756587M,Divya Yadav,Naik,Lucknow,Hyderabad,Administrative Requirement
333,989586B,Divya Yadav,Sepoy,Lucknow,Ahmedabad,Medical Grounds
334,112949M,Neha Singh,Havildar,Delhi,Mumbai,Medical Grounds
335,700478G,Pooja Nair,Subedar,Bangalore,Chennai,
336,328324H,Neha Reddy,Havildar,Bangalore,Chennai,Medical Grounds
337,281624U,Rahul Mishra,Subedar Major,Bangalore,Chennai,Priority Transfer
338,579700K,Neha Sharma,Lance Naik,Chennai,Bangalore,Medical Grounds
339,943626I,Anita Patel,Subedar Major,Pune,Lucknow,
340,445462W,Sneha Kumar,Lance Naik,Mumbai,Jaipur,Routine Posting
341,819104B,Karan Verma,Naik,Delhi,Kolkata,Priority Transfer
342,335220V,Meera Kumar,Sepoy,Delhi,Pune,Medical Grounds
343,177155B,Arjun Reddy,Havildar,Ahmedabad,Chennai,Routine Posting
344,426044Q,Meera Patel,Subedar Major,Kolkata,Delhi,Medical Grounds
345,392511V,Vikram Joshi,Lance Naik,Chennai,Lucknow,Administrative Requirement
346,416286Q,Meera Verma,Naik,Delhi,Mumbai,Routine Posting
347,288420J,Karan Mishra,Subedar Major,Lucknow,Mumbai,Medical Grounds
348,107416M,Vikram Reddy,Havildar,Delhi,Ahmedabad,Routine Posting
349,345527H,Divya Mishra,Subedar,Delhi,Lucknow,Priority Transfer
350,482010K,Amit Mishra,Lance Naik,Ahmedabad,Hyderabad,Routine Posting
351,760076C,Sneha Sharma,Lance Naik,Hyderabad,Jaipur,Priority Transfer
352,225334Z,Rohan Singh,Subedar,Lucknow,Ahmedabad,
353,684463Y,Arjun Gupta,Lance Naik,Chennai,Pune,
354,750446L,Arjun Malhotra,Havildar,Kolkata,Chennai,Priority Transfer
355,516967I,Rahul Kumar,Havildar,Lucknow,Chennai,
356,665508F,Sneha Patel,Subedar,Bangalore,Chennai,Priority Transfer
357,460243H,Meera Kumar,Havildar,Hyderabad,Jaipur,Priority Transfer
358,157418Z,Rahul Mishra,Havildar,Delhi,Pune,Medical Grounds
359,991036Q,Divya Malhotra,Sepoy,Jaipur,Lucknow,Medical Grounds
360,484888L,Divya Singh,Lance Naik,Lucknow,Hyderabad,Routine Posting
361,131873X,Amit Mishra,Lance Naik,Lucknow,Jaipur,Routine Posting
362,650798J,Neha Yadav,Havildar,Hyderabad,Lucknow,Routine Posting
363,288939W,Vikram Patel,Sepoy,Kolkata,Hyderabad,Medical Grounds
364,397816M,Neha Reddy,Havildar,Hyderabad,Mumbai,Administrative Requirement
365,841090M,Sneha Patel,Lance Naik,Jaipur,Lucknow,Priority Transfer
366,478125Y,Anita Kumar,Havildar,Pune,Jaipur,Medical Grounds
367,179235B,Anita Kumar,Subedar Major,Delhi,Kolkata,Administrative Requirement
368,451750F,Vikram Yadav,Havildar,Kolkata,Jaipur,Priority Transfer
369,490397D,Rahul Yadav,Lance Naik,Hyderabad,Chennai,
370,143625R,Arjun Patel,Subedar Major,Ahmedabad,Lucknow,Routine Posting
371,400762O,Neha Patel,Subedar,Lucknow,Pune,Administrative Requirement
372,403398G,Meera Malhotra,Subedar,Delhi,Pune,Routine Posting
373,971993Y,Divya Verma,Subedar,Mumbai,Bangalore,Administrative Requirement
374,802647B,Sneha Sharma,Subedar Major,Jaipur,Bangalore,Medical Grounds
375,322192B,Karan Patel,Havildar,Ahmedabad,Chennai,
376,883739F,Rohan Kumar,Sepoy,Kolkata,Pune,
377,802453O,Meera Patel,Naik,Bangalore,Ahmedabad,
378,788796Y,Vikram Malhotra,Naik,Delhi,Bangalore,
379,181063C,Neha Singh,Subedar Major,Delhi,Hyderabad,Priority Transfer
380,440623Q,Meera Malhotra,Sepoy,Kolkata,Lucknow,Administrative Requirement
381,358872I,Sneha Reddy,Havildar,Delhi,Jaipur,Priority Transfer
382,337341J,Karan Mishra,Naik,Delhi,Bangalore,Medical Grounds
383,784657D,Karan Patel,Subedar,Lucknow,Mumbai,Administrative Requirement
384,846620T,Divya Patel,Naik,Hyderabad,Jaipur,Administrative Requirement
385,404396B,Neha Sharma,Sepoy,Lucknow,Mumbai,Priority Transfer
386,621939I,Neha Reddy,Subedar Major,Pune,Delhi,Administrative Requirement
387,423405D,Pooja Verma,Subedar Major,Delhi,Chennai,Routine Posting
388,921706H,Meera Malhotra,Subedar Major,Lucknow,Chennai,Routine Posting
389,762292P,Arjun Joshi,Lance Naik,Hyderabad,Mumbai,Medical Grounds
390,607472T,Pooja Yadav,Naik,Lucknow,Hyderabad,Medical Grounds
391,901564D,Divya Patel,Lance Naik,Hyderabad,Ahmedabad,Priority Transfer
392,725084X,Arjun Verma,Subedar Major,Delhi,Lucknow,
393,981586R,Sneha Sharma,Subedar,Ahmedabad,Delhi,Medical Grounds
394,739103C,Amit Yadav,Subedar,Bangalore,Jaipur,Medical Grounds
395,746994T,Arjun Joshi,Naik,Jaipur,Delhi,Administrative Requirement
396,763655A,Divya Sharma,Sepoy,Kolkata,Chennai,Priority Transfer
397,604138T,Vikram Kumar,Subedar,Bangalore,Chennai,Priority Transfer
398,191820Y,Rohan Verma,Lance Naik,Lucknow,Chennai,Administrative Requirement
399,783699H,Vikram Mishra,Naik,Chennai,Hyderabad,Priority Transfer
400,261157O,Anita Patel,Naik,Hyderabad,Pune,Routine Posting
401,960635Y,Arjun Malhotra,Lance Naik,Ahmedabad,Pune,Priority Transfer
402,148126R,Sneha Kumar,Subedar,Lucknow,Bangalore,Routine Posting
403,873239N,Rahul Malhotra,Naik,Delhi,Ahmedabad,Routine Posting
404,317567E,Meera Yadav,Lance Naik,Delhi,Lucknow,Administrative Requirement
405,738104V,Arjun Mishra,Subedar,Chennai,Ahmedabad,
406,143658E,Rohan Malhotra,Subedar Major,Kolkata,Delhi,Routine Posting
407,767462N,Amit Singh,Subedar,Bangalore,Mumbai,Medical Grounds
408,269175W,Karan Reddy,Subedar,Lucknow,Delhi,Administrative Requirement
409,835507X,Amit Singh,Lance Naik,Delhi,Hyderabad,
410,435359Z,Amit Gupta,Subedar Major,Jaipur,Bangalore,Routine Posting
411,903990S,Meera Singh,Lance Naik,Hyderabad,Pune,
412,194416S,Arjun Sharma,Subedar Major,Delhi,Bangalore,
413,524167G,Vikram Kumar,Naik,Pune,Delhi,Medical Grounds
414,592970L,Amit Patel,Subedar,Hyderabad,Chennai,Routine Posting
415,352400A,Sneha Reddy,Sepoy,Ahmedabad,Lucknow,Routine Posting
416,531454F,Meera Yadav,Havildar,Delhi,Kolkata,Administrative Requirement
417,562957I,Anita Reddy,Subedar,Kolkata,Bangalore,Routine Posting
418,662243H,Vikram Sharma,Naik,Hyderabad,Pune,Administrative Requirement
419,247239Y,Neha Singh,Havildar,Hyderabad,Kolkata,Administrative Requirement
420,595806X,Arjun Yadav,Lance Naik,Ahmedabad,Chennai,Medical Grounds
421,845693K,Karan Kumar,Havildar,Pune,Hyderabad,Medical Grounds
422,436445J,Arjun Patel,Lance Naik,Chennai,Hyderabad,Administrative Requirement
423,375131V,Rohan Gupta,Subedar Major,Lucknow,Mumbai,
424,608814W,Neha Verma,Subedar,Pune,Mumbai,
425,544115F,Pooja Yadav,Lance Naik,Lucknow,Kolkata,Priority Transfer
426,507557B,Vikram Singh,Subedar Major,Ahmedabad,Pune,Administrative Requirement
427,130960N,Divya Malhotra,Sepoy,Hyderabad,Chennai,Administrative Requirement
428,970360D,Karan Sharma,Naik,Hyderabad,Mumbai,Medical Grounds
429,104788Y,Karan Reddy,Lance Naik,Chennai,Jaipur,
430,540459U,Amit Verma,Naik,Bangalore,Delhi,
431,205118Q,Sneha Singh,Subedar,Pune,Ahmedabad,Routine Posting
432,167834X,Neha Sharma,Havildar,Lucknow,Jaipur,Medical Grounds
433,364085D,Divya Kumar,Naik,Kolkata,Jaipur,Priority Transfer
434,879731L,Anita Verma,Lance Naik,Mumbai,Delhi,
435,700443R,Vikram Yadav,Sepoy,Bangalore,Kolkata,Medical Grounds
436,334374S,Karan Kumar,Naik,Ahmedabad,Delhi,Administrative Requirement
437,760346N,Arjun Verma,Subedar,Chennai,Lucknow,Routine Posting
438,196711Y,Anita Kumar,Naik,Delhi,Lucknow,
439,389875K,Karan Yadav,Naik,Chennai,Mumbai,
440,828290I,Vikram Sharma,Subedar Major,Chennai,Kolkata,Priority Transfer
441,467586H,Vikram Yadav,Naik,Mumbai,Pune,
442,840126A,Rohan Mishra,Sepoy,Hyderabad,Lucknow,Priority Transfer
443,844016E,Rohan Mishra,Havildar,Mumbai,Delhi,Administrative Requirement
444,997027G,Sneha Gupta,Lance Naik,Lucknow,Chennai,
445,449326E,Rahul Singh,Lance Naik,Lucknow,Pune,Medical Grounds
446,591203I,Pooja Mishra,Naik,Delhi,Mumbai,Priority Transfer
447,306385X,Rahul Reddy,Lance Naik,Chennai,Pune,Medical Grounds
448,451799Y,Rohan Sharma,Subedar,Kolkata,Hyderabad,Routine Posting
449,565542D,Meera Patel,Subedar,Pune,Ahmedabad,
450,839746V,Neha Malhotra,Lance Naik,Delhi,Hyderabad,Routine Posting
451,134352M,Karan Verma,Naik,Mumbai,Ahmedabad,Priority Transfer
452,542598O,Meera Patel,Sepoy,Bangalore,Delhi,
453,611413N,Rahul Reddy,Havildar,Lucknow,Delhi,Administrative Requirement
454,444367U,Rohan Patel,Lance Naik,Kolkata,Jaipur,Priority Transfer
455,173043L,Amit Joshi,Subedar Major,Kolkata,Bangalore,Priority Transfer
456,251614D,Rahul Nair,Lance Naik,Pune,Mumbai,
457,863626I,Karan Singh,Subedar,Pune,Jaipur,Priority Transfer
458,631915K,Sneha Gupta,Naik,Delhi,Mumbai,Administrative Requirement
459,933285I,Sneha Verma,Naik,Kolkata,Hyderabad,Medical Grounds
460,689815A,Amit Verma,Havildar,Chennai,Bangalore,Administrative Requirement
461,898780R,Meera Kumar,Naik,Kolkata,Ahmedabad,Administrative Requirement
462,720520M,Anita Singh,Naik,Jaipur,Lucknow,Priority Transfer
463,743507S,Arjun Verma,Subedar Major,Pune,Hyderabad,Routine Posting
464,502696Y,Rahul Verma,Subedar,Ahmedabad,Bangalore,Administrative Requirement
465,133491V,Divya Verma,Sepoy,Chennai,Kolkata,
466,205537U,Amit Patel,Subedar,Chennai,Bangalore,Routine Posting
467,267135X,Anita Reddy,Subedar,Delhi,Kolkata,Medical Grounds
468,940175V,Sneha Sharma,Havildar,Bangalore,Pune,Priority Transfer
469,609520D,Karan Kumar,Subedar,Delhi,Mumbai,Administrative Requirement
470,303565Y,Anita Yadav,Subedar,Lucknow,Pune,Routine Posting
471,255336N,Arjun Joshi,Subedar,Chennai,Bangalore,Administrative Requirement
472,317829Q,Arjun Yadav,Sepoy,Hyderabad,Pune,Administrative Requirement
473,294021P,Pooja Mishra,Naik,Pune,Bangalore,
474,294479B,Rohan Patel,Naik,Kolkata,Ahmedabad,Medical Grounds
475,334223A,Meera Yadav,Havildar,Mumbai,Kolkata,Priority Transfer
476,709595X,Rahul Nair,Naik,Delhi,Bangalore,Priority Transfer
477,276409I,Rahul Verma,Naik,Bangalore,Chennai,Priority Transfer
478,567127Z,Vikram Yadav,Sepoy,Pune,Delhi,
479,766263L,Neha Malhotra,Lance Naik,Ahmedabad,Delhi,Priority Transfer
480,995386C,Amit Singh,Lance Naik,Jaipur,Ahmedabad,Administrative Requirement
481,148550A,Arjun Mishra,Havildar,Kolkata,Ahmedabad,Medical Grounds
482,106287B,Anita Joshi,Havildar,Pune,Mumbai,Priority Transfer
483,373184P,Rohan Reddy,Sepoy,Ahmedabad,Mumbai,Routine Posting
484,905753J,Anita Patel,Havildar,Chennai,Jaipur,Routine Posting
485,855933A,Arjun Yadav,Subedar Major,Chennai,Jaipur,
486,681967B,Karan Verma,Lance Naik,Bangalore,Delhi,Routine Posting
487,501258S,Pooja Kumar,Sepoy,Chennai,Lucknow,
488,187830Z,Neha Nair,Subedar Major,Mumbai,Chennai,Administrative Requirement
489,280426M,Rahul Kumar,Lance Naik,Hyderabad,Kolkata,Medical Grounds
490,872445A,Karan Joshi,Subedar,Jaipur,Pune,Medical Grounds
491,297590C,Anita Nair,Sepoy,Jaipur,Hyderabad,Routine Posting
492,961931N,Pooja Yadav,Sepoy,Hyderabad,Ahmedabad,Routine Posting
493,220443D,Sneha Patel,Naik,Pune,Bangalore,Routine Posting
494,471908T,Meera Malhotra,Lance Naik,Delhi,Chennai,Priority Transfer
495,700029F,Rahul Reddy,Subedar Major,Mumbai,Ahmedabad,Priority Transfer
496,781815F,Sneha Gupta,Subedar Major,Hyderabad,Lucknow,Routine Posting
497,535931N,Rahul Malhotra,Sepoy,Pune,Jaipur,Medical Grounds
498,572892H,Amit Singh,Lance Naik,Hyderabad,Jaipur,Priority Transfer
499,887721S,Rahul Reddy,Sepoy,Chennai,Ahmedabad,Routine Posting
500,125275T,Meera Mishra,Subedar,Mumbai,Bangalore,Administrative Requirement
501,274182M,Arjun Mishra,Lance Naik,Chennai,Kolkata,Priority Transfer
502,532643H,Karan Yadav,Lance Naik,Lucknow,Kolkata,Administrative Requirement
503,914578O,Neha Kumar,Subedar,Chennai,Mumbai,Routine Posting
504,453535T,Neha Nair,Lance Naik,Bangalore,Chennai,
505,985113H,Neha Kumar,Subedar Major,Pune,Kolkata,Medical Grounds
506,260036U,Neha Gupta,Lance Naik,Delhi,Jaipur,Priority Transfer
507,142491Z,Pooja Malhotra,Naik,Ahmedabad,Hyderabad,Priority Transfer
508,431630X,Arjun Sharma,Havildar,Lucknow,Mumbai,Routine Posting
509,269279L,Divya Sharma,Subedar Major,Ahmedabad,Delhi,Routine Posting
510,110979C,Rohan Singh,Naik,Kolkata,Hyderabad,Priority Transfer
511,111531A,Neha Sharma,Naik,Bangalore,Pune,
512,391067N,Rahul Reddy,Havildar,Kolkata,Ahmedabad,Medical Grounds
513,858227B,Anita Kumar,Subedar Major,Pune,Kolkata,
514,433886V,Rahul Nair,Havildar,Lucknow,Delhi,Medical Grounds
515,574428X,Amit Reddy,Sepoy,Jaipur,Bangalore,Administrative Requirement
516,463743E,Divya Gupta,Sepoy,Pune,Ahmedabad,Administrative Requirement
517,718953A,Karan Nair,Subedar,Pune,Mumbai,Routine Posting
518,567712R,Pooja Mishra,Subedar,Bangalore,Pune,Priority Transfer
519,761075E,Divya Nair,Lance Naik,Delhi,Mumbai,
520,734670V,Meera Malhotra,Subedar,Chennai,Kolkata,Medical Grounds
521,262590S,Pooja Patel,Lance Naik,Lucknow,Chennai,Priority Transfer
522,905213N,Meera Reddy,Subedar Major,Pune,Kolkata,Administrative Requirement
523,977900X,Vikram Patel,Havildar,Mumbai,Delhi,Administrative Requirement
524,400623L,Vikram Yadav,Lance Naik,Mumbai,Ahmedabad,Medical Grounds
525,628326G,Arjun Verma,Lance Naik,Delhi,Lucknow,
526,519285B,Meera Yadav,Sepoy,Ahmedabad,Kolkata,Medical Grounds
527,592100L,Amit Singh,Lance Naik,Mumbai,Lucknow,
528,396184S,Rohan Kumar,Lance Naik,Kolkata,Jaipur,Medical Grounds
529,460199R,Rohan Joshi,Naik,Bangalore,Chennai,
530,305902W,Divya Malhotra,Subedar,Bangalore,Kolkata,Routine Posting
531,945432N,Anita Singh,Havildar,Pune,Mumbai,Routine Posting
532,123223P,Karan Joshi,Havildar,Lucknow,Ahmedabad,Medical Grounds
533,239980M,Divya Yadav,Sepoy,Kolkata,Jaipur,Medical Grounds
534,373353V,Karan Reddy,Sepoy,Ahmedabad,Kolkata,
535,202247B,Meera Kumar,Sepoy,Hyderabad,Kolkata,Medical Grounds
536,421337H,Neha Verma,Subedar Major,Mumbai,Kolkata,Medical Grounds
537,334691E,Vikram Sharma,Subedar Major,Kolkata,Pune,Priority Transfer
538,303602U,Arjun Reddy,Lance Naik,Pune,Chennai,Priority Transfer
539,609621U,Karan Patel,Subedar,Jaipur,Hyderabad,Medical Grounds
540,533828R,Vikram Singh,Naik,Chennai,Jaipur,Administrative Requirement
541,230858G,Sneha Reddy,Lance Naik,Jaipur,Kolkata,Priority Transfer
542,943676H,Neha Nair,Havildar,Mumbai,Kolkata,Medical Grounds
543,404783C,Karan Nair,Lance Naik,Mumbai,Kolkata,
544,795174Z,Sneha Joshi,Naik,Kolkata,Lucknow,Medical Grounds
545,891556B,Neha Verma,Lance Naik,Jaipur,Hyderabad,Medical Grounds
546,299441N,Divya Reddy,Sepoy,Chennai,Lucknow,Routine Posting
547,497828L,Karan Singh,Subedar Major,Pune,Mumbai,Routine Posting
548,901751J,Amit Sharma,Havildar,Mumbai,Bangalore,
549,346876L,Karan Joshi,Subedar,Pune,Hyderabad,Medical Grounds
550,861560C,Sneha Nair,Havildar,Mumbai,Jaipur,Routine Posting
551,572632W,Anita Gupta,Naik,Delhi,Hyderabad,Priority Transfer
552,690285Q,Amit Nair,Subedar Major,Chennai,Mumbai,Medical Grounds
553,446448A,Divya Mishra,Sepoy,Lucknow,Mumbai,Medical Grounds
554,777854F,Sneha Joshi,Lance Naik,Chennai,Mumbai,Priority Transfer
555,518988B,Karan Joshi,Subedar Major,Chennai,Jaipur,Priority Transfer
556,807571F,Anita Kumar,Subedar,Mumbai,Lucknow,Routine Posting
557,820035Y,Sneha Malhotra,Sepoy,Hyderabad,Kolkata,Administrative Requirement
558,108476I,Divya Malhotra,Sepoy,Bangalore,Mumbai,Priority Transfer
559,517734V,Sneha Singh,Havildar,Ahmedabad,Chennai,
560,898530I,Anita Gupta,Havildar,Bangalore,Mumbai,Administrative Requirement
561,367678T,Arjun Kumar,Sepoy,Kolkata,Hyderabad,Administrative Requirement
562,262779L,Divya Patel,Lance Naik,Lucknow,Bangalore,Routine Posting
563,198361G,Anita Joshi,Subedar,Bangalore,Kolkata,
564,426631V,Neha Yadav,Lance Naik,Delhi,Bangalore,Medical Grounds
565,862888V,Arjun Verma,Naik,Ahmedabad,Hyderabad,Priority Transfer
566,626562G,Neha Malhotra,Subedar Major,Lucknow,Chennai,Priority Transfer
567,249996A,Anita Yadav,Lance Naik,Kolkata,Bangalore,Administrative Requirement
568,300852A,Anita Gupta,Naik,Chennai,Bangalore,Priority Transfer
569,228353T,Meera Patel,Subedar,Bangalore,Chennai,Routine Posting
570,273622Y,Sneha Singh,Sepoy,Hyderabad,Delhi,
571,315337Y,Amit Sharma,Subedar Major,Hyderabad,Lucknow,Medical Grounds
572,974980R,Sneha Joshi,Lance Naik,Kolkata,Jaipur,Medical Grounds
573,345614U,Divya Kumar,Subedar Major,Kolkata,Bangalore,Routine Posting
574,246077V,Pooja Mishra,Naik,Kolkata,Jaipur,Medical Grounds
575,520806W,Anita Verma,Sepoy,Pune,Kolkata,Medical Grounds
576,615627C,Divya Singh,Subedar,Pune,Chennai,Priority Transfer
577,638404X,Divya Joshi,Naik,Hyderabad,Chennai,Administrative Requirement
578,538275S,Anita Gupta,Sepoy,Mumbai,Delhi,Administrative Requirement
579,526193C,Pooja Singh,Subedar Major,Chennai,Lucknow,Medical Grounds
580,378283D,Divya Malhotra,Subedar Major,Delhi,Kolkata,
581,369850Q,Rohan Patel,Subedar Major,Kolkata,Ahmedabad,
582,960005S,Amit Nair,Naik,Lucknow,Ahmedabad,Routine Posting
583,718888Z,Arjun Patel,Subedar,Bangalore,Chennai,Priority Transfer
584,997009Z,Anita Mishra,Subedar,Lucknow,Hyderabad,Routine Posting
585,694861V,Vikram Sharma,Subedar Major,Bangalore,Hyderabad,
586,949259S,Pooja Kumar,Lance Naik,Hyderabad,Kolkata,Priority Transfer
587,128869Z,Neha Gupta,Subedar,Pune,Lucknow,Priority Transfer
588,710394W,Rahul Reddy,Havildar,Kolkata,Lucknow,Medical Grounds
589,965689P,Neha Verma,Naik,Lucknow,Kolkata,Administrative Requirement
590,502698A,Anita Sharma,Subedar Major,Delhi,Hyderabad,Priority Transfer
591,790093Q,Amit Sharma,Sepoy,Kolkata,Mumbai,
592,362023C,Meera Singh,Naik,Pune,Hyderabad,
593,826527L,Vikram Verma,Havildar,Hyderabad,Pune,Routine Posting
594,545887K,Amit Nair,Havildar,Pune,Bangalore,Medical Grounds
595,922592Y,Rahul Gupta,Sepoy,Hyderabad,Chennai,Priority Transfer
596,281224F,Pooja Gupta,Subedar Major,Kolkata,Hyderabad,Administrative Requirement
597,271309X,Divya Singh,Subedar Major,Kolkata,Hyderabad,Administrative Requirement
598,831854P,Divya Nair,Sepoy,Chennai,Delhi,Routine Posting
599,301873Q,Karan Singh,Sepoy,Ahmedabad,Kolkata,
600,541275G,Neha Verma,Subedar,Jaipur,Lucknow,Priority Transfer
601,249718O,Anita Yadav,Subedar Major,Delhi,Bangalore,Medical Grounds
602,256378C,Vikram Verma,Havildar,Pune,Mumbai,
603,392658U,Vikram Reddy,Lance Naik,Mumbai,Bangalore,Routine Posting
604,626996B,Karan Gupta,Subedar Major,Jaipur,Mumbai,Administrative Requirement
605,653622Q,Karan Joshi,Havildar,Jaipur,Hyderabad,
606,936470R,Anita Patel,Lance Naik,Bangalore,Ahmedabad,
607,995682I,Pooja Joshi,Naik,Delhi,Pune,Priority Transfer
608,507976R,Neha Reddy,Subedar Major,Mumbai,Lucknow,Medical Grounds
609,114854B,Karan Verma,Subedar Major,Lucknow,Ahmedabad,Routine Posting
610,889701O,Anita Singh,Naik,Delhi,Lucknow,Administrative Requirement
611,654396X,Sneha Mishra,Naik,Ahmedabad,Hyderabad,Administrative Requirement
612,485585S,Amit Mishra,Havildar,Lucknow,Ahmedabad,Administrative Requirement
613,375107G,Pooja Gupta,Sepoy,Pune,Ahmedabad,Administrative Requirement
614,691652E,Meera Singh,Lance Naik,Chennai,Jaipur,Priority Transfer
615,768435L,Neha Kumar,Sepoy,Mumbai,Pune,Administrative Requirement
616,145530I,Divya Reddy,Sepoy,Pune,Hyderabad,Administrative Requirement
617,417625S,Amit Verma,Subedar,Kolkata,Hyderabad,Administrative Requirement
618,903244E,Sneha Singh,Subedar,Delhi,Jaipur,Administrative Requirement
619,336954E,Meera Patel,Havildar,Ahmedabad,Chennai,Medical Grounds
620,843871N,Neha Gupta,Subedar Major,Hyderabad,Ahmedabad,Administrative Requirement
621,416368H,Neha Reddy,Subedar Major,Bangalore,Delhi,Priority Transfer
622,374102G,Karan Kumar,Lance Naik,Kolkata,Lucknow,Administrative Requirement
623,125199I,Meera Yadav,Sepoy,Delhi,Pune,Routine Posting
624,719013Z,Rohan Yadav,Subedar,Pune,Lucknow,Medical Grounds
625,365758R,Anita Joshi,Naik,Ahmedabad,Jaipur,Medical Grounds
626,323233I,Anita Malhotra,Subedar,Chennai,Delhi,Priority Transfer
627,536063B,Rohan Yadav,Subedar Major,Ahmedabad,Mumbai,Priority Transfer
628,812098G,Karan Malhotra,Subedar,Mumbai,Bangalore,Medical Grounds
629,358972T,Rohan Nair,Subedar Major,Pune,Lucknow,Medical Grounds
630,602505M,Rahul Sharma,Subedar Major,Bangalore,Jaipur,Administrative Requirement
631,170551E,Karan Nair,Subedar Major,Chennai,Hyderabad,Medical Grounds
632,304541X,Sneha Mishra,Subedar Major,Hyderabad,Kolkata,Routine Posting
633,331873C,Rahul Singh,Havildar,Delhi,Chennai,Priority Transfer
634,317732V,Amit Singh,Lance Naik,Jaipur,Kolkata,Priority Transfer
635,235514V,Karan Reddy,Lance Naik,Kolkata,Mumbai,Administrative Requirement
636,985753A,Amit Reddy,Havildar,Lucknow,Mumbai,Priority Transfer
637,790187J,Arjun Reddy,Sepoy,Chennai,Lucknow,Routine Posting
638,759092S,Neha Sharma,Sepoy,Mumbai,Delhi,Priority Transfer
639,223368P,Amit Mishra,Havildar,Mumbai,Bangalore,Routine Posting
640,585195E,Neha Yadav,Naik,Ahmedabad,Bangalore,Routine Posting
641,586314O,Meera Yadav,Subedar,Hyderabad,Jaipur,Administrative Requirement
642,819560F,Arjun Patel,Havildar,Bangalore,Jaipur,Medical Grounds
643,298078K,Vikram Nair,Subedar,Lucknow,Ahmedabad,Medical Grounds
644,608647D,Meera Yadav,Lance Naik,Delhi,Lucknow,Administrative Requirement
645,353079X,Meera Reddy,Sepoy,Jaipur,Lucknow,Medical Grounds
646,745061L,Divya Kumar,Lance Naik,Pune,Bangalore,Routine Posting
647,590052W,Amit Sharma,Havildar,Pune,Delhi,Priority Transfer
648,940699G,Divya Sharma,Lance Naik,Delhi,Jaipur,Medical Grounds
649,176104F,Neha Mishra,Subedar Major,Hyderabad,Lucknow,Medical Grounds
650,606188E,Pooja Joshi,Sepoy,Kolkata,Delhi,Administrative Requirement
651,373014Z,Rohan Sharma,Lance Naik,Pune,Mumbai,Routine Posting
652,715717D,Anita Nair,Sepoy,Delhi,Hyderabad,Administrative Requirement
653,116004C,Anita Joshi,Sepoy,Pune,Jaipur,Administrative Requirement
654,869351M,Sneha Singh,Havildar,Lucknow,Pune,Routine Posting
655,517163B,Divya Singh,Naik,Pune,Chennai,Priority Transfer
656,762250S,Neha Nair,Lance Naik,Chennai,Bangalore,Routine Posting
657,107650D,Divya Verma,Subedar Major,Delhi,Lucknow,
658,192637V,Rahul Kumar,Subedar,Mumbai,Delhi,
659,821608D,Neha Joshi,Havildar,Pune,Delhi,Administrative Requirement
660,938038F,Arjun Singh,Sepoy,Ahmedabad,Jaipur,Priority Transfer
661,888948W,Rahul Verma,Lance Naik,Kolkata,Lucknow,Administrative Requirement
662,229746H,Divya Verma,Sepoy,Hyderabad,Jaipur,Routine Posting
663,428831U,Vikram Verma,Lance Naik,Bangalore,Lucknow,Routine Posting
664,845879P,Vikram Kumar,Havildar,Chennai,Jaipur,Medical Grounds
665,523394Q,Arjun Mishra,Lance Naik,Hyderabad,Chennai,Priority Transfer
666,873526I,Divya Nair,Subedar,Mumbai,Chennai,
667,313599N,Sneha Gupta,Havildar,Bangalore,Mumbai,Medical Grounds
668,193327E,Arjun Joshi,Naik,Chennai,Mumbai,Priority Transfer
669,416316O,Neha Kumar,Lance Naik,Mumbai,Delhi,Administrative Requirement
670,878925O,Rahul Patel,Subedar Major,Ahmedabad,Bangalore,Routine Posting
671,844213H,Sneha Verma,Subedar,Mumbai,Jaipur,Medical Grounds
672,857918R,Pooja Yadav,Sepoy,Mumbai,Lucknow,Priority Transfer
673,570632I,Rahul Singh,Subedar,Lucknow,Chennai,Priority Transfer
674,840206U,Sneha Verma,Naik,Kolkata,Jaipur,Priority Transfer
675,288772N,Rahul Gupta,Subedar,Kolkata,Chennai,Routine Posting
676,445436B,Neha Patel,Lance Naik,Mumbai,Pune,Priority Transfer
677,808746K,Rohan Kumar,Sepoy,Delhi,Chennai,Medical Grounds
678,755719L,Arjun Singh,Subedar Major,Chennai,Ahmedabad,Routine Posting
679,737445F,Rohan Yadav,Subedar Major,Jaipur,Lucknow,Routine Posting
680,629766U,Pooja Kumar,Havildar,Bangalore,Chennai,Priority Transfer
681,807087L,Amit Reddy,Sepoy,Kolkata,Lucknow,
682,972252Y,Amit Nair,Subedar Major,Delhi,Kolkata,Administrative Requirement
683,922426X,Neha Singh,Lance Naik,Chennai,Bangalore,
684,437977P,Rahul Yadav,Subedar,Hyderabad,Ahmedabad,Medical Grounds
685,862604I,Arjun Nair,Lance Naik,Delhi,Mumbai,Administrative Requirement
686,328966Q,Pooja Sharma,Lance Naik,Delhi,Pune,Administrative Requirement
687,134409N,Rohan Nair,Naik,Pune,Bangalore,
688,874918G,Meera Malhotra,Subedar Major,Jaipur,Kolkata,
689,296141N,Rohan Mishra,Havildar,Delhi,Kolkata,Priority Transfer
690,387897H,Neha Kumar,Subedar,Lucknow,Ahmedabad,Medical Grounds
691,439969D,Karan Joshi,Naik,Delhi,Bangalore,Administrative Requirement
692,265432S,Karan Singh,Naik,Mumbai,Chennai,Priority Transfer
693,606955S,Anita Sharma,Sepoy,Bangalore,Chennai,Routine Posting
694,510121A,Anita Kumar,Sepoy,Pune,Delhi,Medical Grounds
695,966209U,Anita Mishra,Havildar,Jaipur,Mumbai,Priority Transfer
696,405752B,Pooja Nair,Sepoy,Delhi,Jaipur,Administrative Requirement
697,793476B,Pooja Sharma,Sepoy,Ahmedabad,Kolkata,Administrative Requirement
698,777743W,Amit Mishra,Lance Naik,Kolkata,Ahmedabad,Priority Transfer
699,112646J,Arjun Gupta,Lance Naik,Bangalore,Kolkata,Routine Posting
700,850451S,Pooja Patel,Subedar Major,Hyderabad,Chennai,Medical Grounds
701,665609R,Vikram Gupta,Subedar,Lucknow,Mumbai,
702,478308J,Neha Joshi,Naik,Lucknow,Mumbai,Administrative Requirement
703,552627K,Amit Patel,Sepoy,Pune,Jaipur,
704,438385F,Meera Gupta,Sepoy,Jaipur,Hyderabad,Administrative Requirement
705,482973P,Rohan Joshi,Subedar,Bangalore,Hyderabad,Priority Transfer
706,595356T,Divya Singh,Sepoy,Kolkata,Pune,
707,816526H,Anita Malhotra,Lance Naik,Pune,Mumbai,Medical Grounds
708,929418N,Karan Joshi,Lance Naik,Mumbai,Pune,
709,718458Z,Divya Reddy,Naik,Mumbai,Hyderabad,Administrative Requirement
710,361226V,Vikram Sharma,Sepoy,Chennai,Kolkata,Priority Transfer
711,547680E,Amit Reddy,Lance Naik,Pune,Ahmedabad,Priority Transfer
712,268485V,Meera Joshi,Subedar,Pune,Kolkata,Administrative Requirement
713,321292H,Meera Nair,Naik,Chennai,Pune,Routine Posting
714,271520N,Divya Mishra,Subedar,Hyderabad,Bangalore,Administrative Requirement
715,898322M,Meera Nair,Sepoy,Pune,Mumbai,Priority Transfer
716,772589Z,Pooja Reddy,Naik,Delhi,Mumbai,Administrative Requirement
717,755852S,Arjun Malhotra,Naik,Hyderabad,Mumbai,
718,487489T,Meera Verma,Lance Naik,Delhi,Hyderabad,
719,156154N,Meera Verma,Havildar,Hyderabad,Kolkata,Priority Transfer
720,671418P,Karan Patel,Lance Naik,Delhi,Hyderabad,Priority Transfer
721,650172X,Divya Gupta,Naik,Lucknow,Ahmedabad,Administrative Requirement
722,878796A,Sneha Verma,Sepoy,Bangalore,Delhi,
723,425379T,Rahul Verma,Lance Naik,Pune,Lucknow,Medical Grounds
724,529836Q,Pooja Sharma,Havildar,Pune,Kolkata,Administrative Requirement
725,946723L,Sneha Singh,Lance Naik,Ahmedabad,Lucknow,Administrative Requirement
726,336747E,Anita Reddy,Havildar,Mumbai,Kolkata,Routine Posting
727,126743P,Divya Reddy,Lance Naik,Bangalore,Lucknow,
728,340824G,Amit Verma,Naik,Kolkata,Ahmedabad,Priority Transfer
729,762039T,Vikram Reddy,Subedar,Mumbai,Lucknow,
730,179177X,Rahul Patel,Havildar,Delhi,Pune,Medical Grounds
731,119667W,Rohan Singh,Naik,Ahmedabad,Delhi,Medical Grounds
732,194900B,Anita Yadav,Sepoy,Pune,Ahmedabad,Medical Grounds
733,538578Z,Meera Verma,Sepoy,Ahmedabad,Lucknow,Priority Transfer
734,118772O,Rohan Malhotra,Subedar,Delhi,Bangalore,
735,291148C,Meera Verma,Naik,Ahmedabad,Chennai,Medical Grounds
736,429726K,Karan Verma,Naik,Lucknow,Ahmedabad,Routine Posting
737,953369O,Anita Patel,Havildar,Bangalore,Pune,Administrative Requirement
738,502226D,Rahul Patel,Subedar Major,Lucknow,Pune,Routine Posting
739,267149O,Rohan Kumar,Naik,Ahmedabad,Mumbai,
740,814212A,Sneha Gupta,Sepoy,Bangalore,Mumbai,Priority Transfer
741,301532W,Arjun Gupta,Lance Naik,Chennai,Kolkata,
742,428266X,Rahul Joshi,Subedar Major,Mumbai,Lucknow,Routine Posting
743,284779U,Arjun Verma,Subedar Major,Bangalore,Lucknow,Priority Transfer
744,673741R,Karan Nair,Subedar Major,Bangalore,Delhi,Medical Grounds
745,452488W,Sneha Joshi,Havildar,Jaipur,Chennai,
746,512131P,Neha Mishra,Naik,Kolkata,Pune,Priority Transfer
747,152322J,Karan Joshi,Havildar,Ahmedabad,Kolkata,Medical Grounds
748,804580F,Meera Yadav,Naik,Pune,Kolkata,
749,295551Q,Vikram Reddy,Lance Naik,Chennai,Delhi,
750,348071O,Sneha Verma,Sepoy,Hyderabad,Ahmedabad,Medical Grounds
751,983250F,Karan Singh,Lance Naik,Delhi,Ahmedabad,Medical Grounds
752,920627E,Meera Mishra,Subedar Major,Jaipur,Hyderabad,Administrative Requirement
753,628776A,Rahul Sharma,Subedar,Kolkata,Ahmedabad,Administrative Requirement
754,840497V,Neha Gupta,Lance Naik,Hyderabad,Delhi,
755,823842N,Anita Reddy,Lance Naik,Hyderabad,Kolkata,Administrative Requirement
756,371212F,Rahul Reddy,Havildar,Delhi,Lucknow,Routine Posting
757,862825W,Anita Reddy,Subedar,Mumbai,Bangalore,Administrative Requirement
758,791891N,Divya Sharma,Naik,Bangalore,Pune,Routine Posting
759,719464V,Karan Nair,Lance Naik,Jaipur,Ahmedabad,Priority Transfer
760,512609T,Meera Gupta,Havildar,Ahmedabad,Delhi,Administrative Requirement
761,138575Y,Rohan Mishra,Lance Naik,Chennai,Hyderabad,Medical Grounds
762,113729A,Amit Malhotra,Havildar,Chennai,Ahmedabad,Priority Transfer
763,791207P,Karan Yadav,Lance Naik,Delhi,Bangalore,Administrative Requirement
764,486400Q,Amit Singh,Sepoy,Hyderabad,Lucknow,
765,111717G,Rahul Yadav,Subedar Major,Delhi,Lucknow,Administrative Requirement
766,338593M,Vikram Singh,Naik,Delhi,Chennai,
767,338201D,Rohan Joshi,Sepoy,Jaipur,Ahmedabad,Priority Transfer
768,834026V,Neha Nair,Lance Naik,Mumbai,Delhi,Administrative Requirement
769,106110R,Rahul Gupta,Subedar Major,Bangalore,Lucknow,Priority Transfer
770,965990M,Pooja Mishra,Havildar,Chennai,Mumbai,Administrative Requirement
771,562108N,Vikram Reddy,Sepoy,Kolkata,Lucknow,Priority Transfer
772,227719T,Pooja Kumar,Lance Naik,Pune,Bangalore,Administrative Requirement
773,993283K,Karan Mishra,Naik,Pune,Bangalore,
774,743926Y,Meera Nair,Naik,Mumbai,Delhi,Medical Grounds
775,413897C,Rahul Nair,Subedar Major,Delhi,Hyderabad,Medical Grounds
776,651634G,Vikram Gupta,Subedar Major,Chennai,Pune,Medical Grounds
777,944447Q,Neha Joshi,Subedar,Ahmedabad,Delhi,Routine Posting
778,881950P,Meera Kumar,Sepoy,Ahmedabad,Pune,Priority Transfer
779,979154P,Divya Nair,Naik,Bangalore,Ahmedabad,
780,771375W,Vikram Joshi,Lance Naik,Ahmedabad,Jaipur,Administrative Requirement
781,613001U,Anita Joshi,Havildar,Bangalore,Jaipur,
782,140687J,Sneha Yadav,Naik,Delhi,Jaipur,Medical Grounds
783,997729A,Karan Singh,Subedar Major,Pune,Hyderabad,Routine Posting
784,159674U,Amit Joshi,Havildar,Pune,Bangalore,
785,677135K,Sneha Reddy,Havildar,Kolkata,Pune,Medical Grounds
786,882273V,Anita Nair,Sepoy,Delhi,Lucknow,
787,934102N,Rahul Nair,Lance Naik,Pune,Bangalore,
788,257961F,Vikram Gupta,Lance Naik,Chennai,Delhi,Administrative Requirement
789,422288E,Meera Patel,Lance Naik,Mumbai,Kolkata,
790,878026I,Pooja Singh,Subedar Major,Hyderabad,Delhi,
791,168271V,Amit Gupta,Subedar,Hyderabad,Delhi,Routine Posting
792,838165E,Sneha Patel,Sepoy,Hyderabad,Ahmedabad,Priority Transfer
793,388956K,Sneha Patel,Havildar,Jaipur,Ahmedabad,Administrative Requirement
794,600975L,Vikram Gupta,Lance Naik,Chennai,Kolkata,Priority Transfer
795,970515R,Sneha Gupta,Lance Naik,Bangalore,Lucknow,
796,557025M,Pooja Malhotra,Subedar,Lucknow,Mumbai,Medical Grounds
797,612457Q,Neha Yadav,Subedar Major,Ahmedabad,Chennai,Medical Grounds
798,378191U,Meera Kumar,Havildar,Delhi,Mumbai,
799,792172R,Arjun Patel,Naik,Delhi,Mumbai,
800,318938G,Amit Reddy,Lance Naik,Bangalore,Hyderabad,
801,801889B,Anita Sharma,Lance Naik,Ahmedabad,Pune,Administrative Requirement
802,851827B,Rahul Kumar,Sepoy,Mumbai,Delhi,Administrative Requirement
803,339691K,Neha Yadav,Subedar,Kolkata,Pune,Routine Posting
804,277485H,Amit Joshi,Sepoy,Ahmedabad,Delhi,Medical Grounds
805,772696F,Anita Verma,Subedar,Ahmedabad,Kolkata,Administrative Requirement
806,877321Y,Karan Yadav,Sepoy,Jaipur,Delhi,Administrative Requirement
807,934861Y,Arjun Singh,Naik,Mumbai,Bangalore,Administrative Requirement
808,617799N,Amit Singh,Lance Naik,Kolkata,Hyderabad,Medical Grounds
809,247604A,Vikram Mishra,Lance Naik,Kolkata,Lucknow,Routine Posting
810,486726L,Divya Nair,Naik,Chennai,Ahmedabad,
811,317585G,Arjun Reddy,Subedar,Hyderabad,Pune,Priority Transfer
812,960651T,Pooja Sharma,Subedar Major,Ahmedabad,Lucknow,
813,477507Z,Neha Nair,Subedar Major,Delhi,Kolkata,Routine Posting
814,249432K,Divya Mishra,Subedar Major,Delhi,Pune,
815,329707B,Anita Yadav,Lance Naik,Lucknow,Ahmedabad,Administrative Requirement
816,908294Z,Pooja Malhotra,Sepoy,Lucknow,Hyderabad,Medical Grounds
817,671504T,Arjun Gupta,Havildar,Bangalore,Pune,
818,925023W,Karan Reddy,Sepoy,Chennai,Pune,
819,409570M,Pooja Mishra,Havildar,Mumbai,Pune,Priority Transfer
820,753951Z,Anita Reddy,Subedar,Bangalore,Kolkata,
821,981432V,Neha Singh,Lance Naik,Lucknow,Jaipur,
822,470651D,Karan Patel,Havildar,Chennai,Ahmedabad,Medical Grounds
823,815515P,Divya Singh,Sepoy,Jaipur,Delhi,
824,652261W,Arjun Sharma,Subedar Major,Delhi,Mumbai,Medical Grounds
825,256740I,Neha Gupta,Subedar Major,Kolkata,Lucknow,Medical Grounds
826,784622J,Anita Sharma,Subedar,Lucknow,Hyderabad,Medical Grounds
827,168858U,Rahul Verma,Havildar,Jaipur,Ahmedabad,Medical Grounds
828,248560X,Divya Nair,Naik,Lucknow,Hyderabad,Administrative Requirement
829,682554U,Rohan Mishra,Subedar Major,Lucknow,Jaipur,Administrative Requirement
830,758549B,Karan Nair,Havildar,Chennai,Jaipur,Medical Grounds
831,692978Y,Karan Yadav,Sepoy,Chennai,Delhi,Administrative Requirement
832,706960G,Sneha Mishra,Havildar,Delhi,Ahmedabad,Medical Grounds
833,871433K,Amit Reddy,Lance Naik,Hyderabad,Jaipur,
834,479072V,Arjun Mishra,Lance Naik,Jaipur,Hyderabad,Medical Grounds
835,314441W,Vikram Kumar,Sepoy,Ahmedabad,Chennai,Medical Grounds
836,633401S,Divya Yadav,Subedar,Lucknow,Kolkata,
837,793794F,Meera Joshi,Havildar,Hyderabad,Lucknow,Medical Grounds
838,275706Q,Arjun Yadav,Subedar Major,Kolkata,Hyderabad,
839,363616O,Karan Reddy,Subedar Major,Mumbai,Delhi,Administrative Requirement
840,206214J,Karan Yadav,Lance Naik,Mumbai,Delhi,
841,308628Y,Pooja Yadav,Subedar Major,Ahmedabad,Kolkata,Medical Grounds
842,491312P,Meera Yadav,Subedar,Lucknow,Jaipur,Administrative Requirement
843,308241H,Amit Joshi,Subedar Major,Chennai,Delhi,Medical Grounds
844,228457H,Karan Patel,Sepoy,Kolkata,Lucknow,
845,384598N,Rohan Sharma,Sepoy,Lucknow,Bangalore,Medical Grounds
846,167862D,Vikram Yadav,Subedar,Pune,Ahmedabad,Priority Transfer
847,504314Y,Pooja Verma,Lance Naik,Hyderabad,Mumbai,Routine Posting
848,415950B,Rohan Malhotra,Lance Naik,Lucknow,Hyderabad,
849,451782Z,Sneha Kumar,Subedar Major,Lucknow,Bangalore,Medical Grounds
850,228292X,Amit Joshi,Sepoy,Mumbai,Jaipur,Priority Transfer
851,946504B,Arjun Patel,Subedar Major,Hyderabad,Mumbai,
852,687183J,Arjun Kumar,Sepoy,Mumbai,Pune,Medical Grounds
853,465392R,Vikram Verma,Lance Naik,Jaipur,Mumbai,Priority Transfer
854,320882F,Meera Mishra,Subedar Major,Pune,Kolkata,Priority Transfer
855,629516V,Meera Verma,Lance Naik,Chennai,Mumbai,Medical Grounds
856,360885N,Anita Joshi,Havildar,Pune,Kolkata,
857,731736B,Sneha Yadav,Sepoy,Pune,Ahmedabad,Priority Transfer
858,491118J,Anita Joshi,Havildar,Kolkata,Pune,Routine Posting
859,160810S,Rahul Sharma,Havildar,Kolkata,Mumbai,Routine Posting
860,396574B,Pooja Yadav,Subedar,Hyderabad,Lucknow,Medical Grounds
861,227907Z,Meera Yadav,Sepoy,Chennai,Kolkata,Priority Transfer
862,774098K,Amit Kumar,Havildar,Jaipur,Mumbai,Routine Posting
863,649802I,Sneha Malhotra,Naik,Mumbai,Hyderabad,
864,761217B,Sneha Joshi,Naik,Ahmedabad,Jaipur,Routine Posting
865,501636Q,Rohan Reddy,Havildar,Bangalore,Lucknow,Routine Posting
866,331441U,Pooja Sharma,Havildar,Bangalore,Jaipur,Medical Grounds
867,451841N,Rahul Yadav,Subedar Major,Hyderabad,Mumbai,Priority Transfer
868,172912K,Pooja Sharma,Havildar,Delhi,Mumbai,
869,568943N,Divya Reddy,Havildar,Lucknow,Jaipur,Routine Posting
870,454547K,Divya Singh,Naik,Delhi,Kolkata,
871,992190X,Pooja Patel,Subedar,Kolkata,Pune,Priority Transfer
872,913124H,Karan Malhotra,Lance Naik,Chennai,Ahmedabad,Administrative Requirement
873,374911V,Rahul Nair,Naik,Hyderabad,Kolkata,Administrative Requirement
874,376985L,Arjun Gupta,Subedar,Jaipur,Hyderabad,
875,311968R,Arjun Nair,Sepoy,Delhi,Jaipur,
876,512616F,Vikram Mishra,Naik,Bangalore,Jaipur,Routine Posting
877,121829G,Divya Kumar,Subedar,Jaipur,Bangalore,Priority Transfer
878,399237I,Vikram Sharma,Subedar,Bangalore,Jaipur,Priority Transfer
879,922562A,Anita Gupta,Havildar,Delhi,Chennai,Administrative Requirement
880,367032U,Rohan Reddy,Subedar Major,Pune,Lucknow,Medical Grounds
881,809033D,Amit Gupta,Lance Naik,Bangalore,Ahmedabad,Routine Posting
882,959589S,Anita Reddy,Sepoy,Lucknow,Ahmedabad,Routine Posting
883,915624H,Sneha Malhotra,Havildar,Delhi,Ahmedabad,Routine Posting
884,955191P,Karan Kumar,Havildar,Delhi,Jaipur,Priority Transfer
885,681475A,Sneha Verma,Subedar,Chennai,Kolkata,Routine Posting
886,500747F,Rohan Gupta,Subedar Major,Lucknow,Ahmedabad,Routine Posting
887,150884Y,Rohan Verma,Sepoy,Bangalore,Ahmedabad,
888,500414N,Meera Yadav,Sepoy,Hyderabad,Lucknow,
889,699966I,Rahul Mishra,Lance Naik,Pune,Ahmedabad,Routine Posting
890,501699B,Meera Verma,Subedar,Jaipur,Lucknow,Medical Grounds
891,345858C,Divya Patel,Subedar Major,Lucknow,Bangalore,Administrative Requirement
892,754309U,Divya Malhotra,Sepoy,Pune,Kolkata,Routine Posting
893,563286S,Anita Kumar,Lance Naik,Jaipur,Bangalore,Routine Posting
894,627792C,Vikram Singh,Sepoy,Lucknow,Pune,Medical Grounds
895,535577Y,Arjun Malhotra,Subedar,Mumbai,Pune,
896,945908P,Amit Mishra,Sepoy,Delhi,Bangalore,Routine Posting
897,745888I,Vikram Yadav,Lance Naik,Mumbai,Delhi,Routine Posting
898,313859X,Neha Patel,Subedar,Mumbai,Lucknow,Medical Grounds
899,845823V,Anita Sharma,Lance Naik,Chennai,Mumbai,Medical Grounds
900,269652Q,Anita Patel,Sepoy,Mumbai,Ahmedabad,Priority Transfer
901,946932N,Neha Joshi,Sepoy,Jaipur,Pune,
902,802214G,Rahul Yadav,Subedar Major,Hyderabad,Pune,Medical Grounds
903,847194E,Meera Nair,Naik,Jaipur,Chennai,Medical Grounds
904,858802G,Meera Malhotra,Havildar,Hyderabad,Kolkata,Medical Grounds
905,520715S,Sneha Sharma,Subedar,Pune,Lucknow,Routine Posting
906,617441G,Anita Mishra,Naik,Chennai,Jaipur,Priority Transfer
907,641648K,Divya Malhotra,Havildar,Hyderabad,Ahmedabad,Routine Posting
908,342420J,Anita Mishra,Sepoy,Lucknow,Pune,Medical Grounds
909,398633V,Rohan Malhotra,Lance Naik,Hyderabad,Bangalore,Administrative Requirement
910,957672J,Sneha Gupta,Subedar,Jaipur,Bangalore,Routine Posting
911,590608P,Rahul Kumar,Naik,Jaipur,Chennai,
912,823200Y,Rahul Verma,Lance Naik,Lucknow,Ahmedabad,Administrative Requirement
913,698410V,Amit Verma,Sepoy,Kolkata,Lucknow,Routine Posting
914,818526W,Anita Singh,Sepoy,Bangalore,Kolkata,Priority Transfer
915,377690H,Sneha Verma,Subedar Major,Pune,Delhi,Medical Grounds
916,205060C,Vikram Joshi,Lance Naik,Chennai,Jaipur,Routine Posting
917,933329I,Rohan Singh,Sepoy,Bangalore,Jaipur,Priority Transfer
918,165806R,Karan Patel,Subedar,Bangalore,Pune,Routine Posting
919,192353R,Rahul Malhotra,Naik,Delhi,Ahmedabad,
920,125097J,Meera Joshi,Naik,Hyderabad,Pune,Routine Posting
921,448538N,Rahul Verma,Sepoy,Chennai,Mumbai,Priority Transfer
922,199159Q,Pooja Gupta,Naik,Jaipur,Mumbai,Priority Transfer
923,458216W,Karan Reddy,Naik,Chennai,Bangalore,Routine Posting
924,500146H,Divya Singh,Lance Naik,Pune,Chennai,
925,672919H,Pooja Sharma,Sepoy,Pune,Mumbai,Routine Posting
926,269646A,Sneha Verma,Lance Naik,Delhi,Lucknow,
927,241800N,Karan Gupta,Sepoy,Pune,Mumbai,Medical Grounds
928,357167N,Anita Reddy,Lance Naik,Delhi,Bangalore,Administrative Requirement
929,444290Z,Anita Yadav,Havildar,Hyderabad,Ahmedabad,Administrative Requirement
930,573232Y,Karan Mishra,Subedar,Ahmedabad,Hyderabad,Administrative Requirement
931,136853F,Anita Nair,Naik,Mumbai,Bangalore,
932,576897E,Meera Kumar,Lance Naik,Jaipur,Mumbai,Medical Grounds
933,928386N,Sneha Verma,Subedar,Delhi,Jaipur,Medical Grounds
934,889730J,Vikram Malhotra,Havildar,Hyderabad,Jaipur,
935,281544T,Sneha Verma,Sepoy,Jaipur,Hyderabad,Routine Posting
936,176943I,Meera Kumar,Subedar,Jaipur,Chennai,Routine Posting
937,659928W,Rahul Verma,Naik,Ahmedabad,Delhi,Medical Grounds
938,234368L,Karan Nair,Lance Naik,Jaipur,Kolkata,Routine Posting
939,900798R,Neha Singh,Subedar,Delhi,Chennai,Routine Posting
940,100835M,Meera Mishra,Subedar Major,Lucknow,Mumbai,Medical Grounds
941,195531I,Anita Yadav,Lance Naik,Bangalore,Lucknow,Medical Grounds
942,453242H,Pooja Reddy,Lance Naik,Delhi,Hyderabad,Medical Grounds
943,420443N,Arjun Patel,Havildar,Mumbai,Pune,Routine Posting
944,293532J,Divya Mishra,Lance Naik,Bangalore,Ahmedabad,Medical Grounds
945,761645Y,Anita Joshi,Subedar Major,Mumbai,Ahmedabad,
946,988300P,Rohan Sharma,Naik,Kolkata,Jaipur,
947,427799J,Neha Singh,Sepoy,Hyderabad,Lucknow,Priority Transfer
948,827165U,Pooja Patel,Subedar Major,Mumbai,Ahmedabad,Medical Grounds
949,638940B,Amit Yadav,Sepoy,Bangalore,Chennai,Medical Grounds
950,254016Z,Rahul Malhotra,Havildar,Delhi,Kolkata,Medical Grounds
951,431799Q,Neha Reddy,Lance Naik,Jaipur,Mumbai,Medical Grounds
952,196727Z,Amit Singh,Havildar,Jaipur,Bangalore,
953,290609D,Meera Mishra,Subedar Major,Chennai,Delhi,Priority Transfer
954,635421C,Vikram Gupta,Naik,Ahmedabad,Mumbai,Routine Posting
955,293669K,Anita Patel,Naik,Hyderabad,Pune,
956,179319X,Sneha Malhotra,Subedar,Ahmedabad,Chennai,Medical Grounds
957,318695Z,Arjun Nair,Naik,Pune,Kolkata,
958,646160O,Pooja Yadav,Havildar,Jaipur,Ahmedabad,Routine Posting
959,880855E,Rohan Sharma,Lance Naik,Lucknow,Mumbai,Medical Grounds
960,608038N,Arjun Reddy,Lance Naik,Chennai,Bangalore,Medical Grounds
961,931830W,Karan Verma,Subedar,Bangalore,Chennai,
962,403753W,Neha Verma,Subedar,Ahmedabad,Delhi,
963,726921H,Pooja Sharma,Naik,Bangalore,Hyderabad,Priority Transfer
964,739592O,Sneha Reddy,Lance Naik,Kolkata,Ahmedabad,Priority Transfer
965,391739B,Divya Sharma,Subedar Major,Bangalore,Lucknow,Priority Transfer
966,847761F,Meera Sharma,Lance Naik,Pune,Jaipur,Administrative Requirement
967,531864E,Vikram Reddy,Havildar,Bangalore,Chennai,Medical Grounds
968,670352W,Anita Nair,Havildar,Jaipur,Mumbai,
969,642606P,Divya Verma,Sepoy,Hyderabad,Bangalore,Medical Grounds
970,934140V,Arjun Mishra,Sepoy,Mumbai,Jaipur,Priority Transfer
971,498847X,Arjun Nair,Lance Naik,Jaipur,Delhi,Medical Grounds
972,595120D,Amit Joshi,Subedar,Chennai,Mumbai,Routine Posting
973,771910O,Meera Sharma,Subedar Major,Delhi,Ahmedabad,
974,111267E,Arjun Nair,Havildar,Chennai,Pune,Priority Transfer
975,754403I,Anita Mishra,Sepoy,Pune,Lucknow,Routine Posting
976,176933V,Vikram Patel,Subedar,Jaipur,Pune,Administrative Requirement
977,658766J,Neha Mishra,Sepoy,Chennai,Pune,
978,763717D,Divya Gupta,Lance Naik,Pune,Delhi,Medical Grounds
979,974801N,Rahul Mishra,Naik,Chennai,Delhi,
980,102475R,Pooja Kumar,Subedar,Bangalore,Kolkata,Administrative Requirement
981,345296G,Sneha Patel,Lance Naik,Mumbai,Jaipur,Routine Posting
982,588474J,Rahul Nair,Lance Naik,Ahmedabad,Chennai,
983,417551B,Divya Mishra,Subedar,Jaipur,Pune,Priority Transfer
984,102127Q,Neha Gupta,Lance Naik,Jaipur,Hyderabad,
985,425641H,Neha Reddy,Havildar,Chennai,Kolkata,Routine Posting
986,483558Y,Rahul Yadav,Havildar,Kolkata,Pune,Priority Transfer
987,460294F,Divya Reddy,Subedar,Chennai,Hyderabad,
988,812455U,Anita Kumar,Havildar,Lucknow,Pune,Administrative Requirement
989,766367A,Divya Singh,Naik,Pune,Kolkata,Routine Posting
990,815258D,Anita Mishra,Sepoy,Mumbai,Delhi,Routine Posting
991,223140E,Amit Yadav,Subedar,Ahmedabad,Delhi,Routine Posting
992,631544K,Karan Singh,Subedar,Kolkata,Jaipur,
993,193519C,Karan Nair,Lance Naik,Pune,Hyderabad,Medical Grounds
994,542013J,Vikram Singh,Lance Naik,Hyderabad,Kolkata,Routine Posting
995,899848C,Vikram Singh,Subedar Major,Jaipur,Ahmedabad,Routine Posting
996,453569C,Meera Singh,Subedar Major,Pune,Lucknow,Routine Posting
997,604153Q,Amit Mishra,Subedar,Chennai,Mumbai,Routine Posting
998,760199U,Anita Verma,Naik,Ahmedabad,Mumbai,Medical Grounds
999,465070G,Karan Mishra,Subedar Major,Hyderabad,Lucknow,Administrative Requirement
1000,307066N,Meera Reddy,Subedar Major,Bangalore,Kolkata,Medical Grounds
